{
  "project_info": {
    "project_number": "608896988319",
    "project_id": "groupe11-5a46a",
    "storage_bucket": "groupe11-5a46a.appspot.com"
  },
  "client": [
    {
      "client_info": {
        "mobilesdk_app_id": "1:608896988319:android:9d1048ad32c29572001eaa",
        "android_client_info": {
          "package_name": "com.example.groupe11"
        }
      },
      "oauth_client": [],
      "api_key": [
        {
          "current_key": "AIzaSyDRk_jEnU0zWPR3rPzmiTT0fVWxleat9e8"
        }
      ],
      "services": {
        "appinvite_service": {
          "other_platform_oauth_client": []
        }
      }
    }
  ],
  "configuration_version": "1"
}